Match ID,Date,Status,Matchday,Home Team,Away Team,Winner,Home Goals,Away Goals,Home HT Goals,Away HT Goals
537785,2025-08-15T19:00:00Z,FINISHED,1,Liverpool FC,AFC Bournemouth,HOME_TEAM,4,2,1,0
537786,2025-08-16T11:30:00Z,FINISHED,1,Aston Villa FC,Newcastle United FC,DRAW,0,0,0,0
537787,2025-08-16T14:00:00Z,FINISHED,1,Brighton & Hove Albion FC,Fulham FC,DRAW,1,1,0,0
537789,2025-08-16T14:00:00Z,FINISHED,1,Sunderland AFC,West Ham United FC,HOME_TEAM,3,0,0,0
537790,2025-08-16T14:00:00Z,FINISHED,1,Tottenham Hotspur FC,Burnley FC,HOME_TEAM,3,0,1,0
537791,2025-08-16T16:30:00Z,FINISHED,1,Wolverhampton Wanderers FC,Manchester City FC,AWAY_TEAM,0,4,0,2
537788,2025-08-17T13:00:00Z,FINISHED,1,Nottingham Forest FC,Brentford FC,HOME_TEAM,3,1,3,0
537792,2025-08-17T13:00:00Z,FINISHED,1,Chelsea FC,Crystal Palace FC,DRAW,0,0,0,0
537793,2025-08-17T15:30:00Z,FINISHED,1,Manchester United FC,Arsenal FC,AWAY_TEAM,0,1,0,1
537794,2025-08-18T19:00:00Z,FINISHED,1,Leeds United FC,Everton FC,HOME_TEAM,1,0,0,0
537804,2025-08-22T19:00:00Z,FINISHED,2,West Ham United FC,Chelsea FC,AWAY_TEAM,1,5,1,3
537802,2025-08-23T11:30:00Z,FINISHED,2,Manchester City FC,Tottenham Hotspur FC,AWAY_TEAM,0,2,0,2
537795,2025-08-23T14:00:00Z,FINISHED,2,AFC Bournemouth,Wolverhampton Wanderers FC,HOME_TEAM,1,0,1,0
537798,2025-08-23T14:00:00Z,FINISHED,2,Brentford FC,Aston Villa FC,HOME_TEAM,1,0,1,0
537799,2025-08-23T14:00:00Z,FINISHED,2,Burnley FC,Sunderland AFC,HOME_TEAM,2,0,0,0
537797,2025-08-23T16:30:00Z,FINISHED,2,Arsenal FC,Leeds United FC,HOME_TEAM,5,0,2,0
537796,2025-08-24T13:00:00Z,FINISHED,2,Crystal Palace FC,Nottingham Forest FC,DRAW,1,1,1,0
537800,2025-08-24T13:00:00Z,FINISHED,2,Everton FC,Brighton & Hove Albion FC,HOME_TEAM,2,0,1,0
537801,2025-08-24T15:30:00Z,FINISHED,2,Fulham FC,Manchester United FC,DRAW,1,1,0,0
537803,2025-08-25T19:00:00Z,FINISHED,2,Newcastle United FC,Liverpool FC,AWAY_TEAM,2,3,0,1
537808,2025-08-30T11:30:00Z,FINISHED,3,Chelsea FC,Fulham FC,HOME_TEAM,2,0,1,0
537805,2025-08-30T14:00:00Z,FINISHED,3,Sunderland AFC,Brentford FC,HOME_TEAM,2,1,0,0
537811,2025-08-30T14:00:00Z,FINISHED,3,Manchester United FC,Burnley FC,HOME_TEAM,3,2,1,0
537813,2025-08-30T14:00:00Z,FINISHED,3,Tottenham Hotspur FC,AFC Bournemouth,AWAY_TEAM,0,1,0,1
537814,2025-08-30T14:00:00Z,FINISHED,3,Wolverhampton Wanderers FC,Everton FC,AWAY_TEAM,2,3,1,2
537810,2025-08-30T16:30:00Z,FINISHED,3,Leeds United FC,Newcastle United FC,DRAW,0,0,0,0
537807,2025-08-31T13:00:00Z,FINISHED,3,Brighton & Hove Albion FC,Manchester City FC,HOME_TEAM,2,1,0,1
537812,2025-08-31T13:00:00Z,FINISHED,3,Nottingham Forest FC,West Ham United FC,AWAY_TEAM,0,3,0,0
537809,2025-08-31T15:30:00Z,FINISHED,3,Liverpool FC,Arsenal FC,HOME_TEAM,1,0,0,0
537806,2025-08-31T18:00:00Z,FINISHED,3,Aston Villa FC,Crystal Palace FC,AWAY_TEAM,0,3,0,1
537817,2025-09-13T11:30:00Z,FINISHED,4,Arsenal FC,Nottingham Forest FC,HOME_TEAM,3,0,1,0
537815,2025-09-13T14:00:00Z,FINISHED,4,AFC Bournemouth,Brighton & Hove Albion FC,HOME_TEAM,2,1,1,0
537816,2025-09-13T14:00:00Z,FINISHED,4,Crystal Palace FC,Sunderland AFC,DRAW,0,0,0,0
537820,2025-09-13T14:00:00Z,FINISHED,4,Everton FC,Aston Villa FC,DRAW,0,0,0,0
537821,2025-09-13T14:00:00Z,FINISHED,4,Fulham FC,Leeds United FC,HOME_TEAM,1,0,0,0
537823,2025-09-13T14:00:00Z,FINISHED,4,Newcastle United FC,Wolverhampton Wanderers FC,HOME_TEAM,1,0,1,0
537824,2025-09-13T16:30:00Z,FINISHED,4,West Ham United FC,Tottenham Hotspur FC,AWAY_TEAM,0,3,0,0
537818,2025-09-13T19:00:00Z,FINISHED,4,Brentford FC,Chelsea FC,DRAW,2,2,1,0
537819,2025-09-14T13:00:00Z,FINISHED,4,Burnley FC,Liverpool FC,AWAY_TEAM,0,1,0,0
537822,2025-09-14T15:30:00Z,FINISHED,4,Manchester City FC,Manchester United FC,HOME_TEAM,3,0,1,0
537831,2025-09-20T11:30:00Z,FINISHED,5,Liverpool FC,Everton FC,HOME_TEAM,2,1,2,0
537827,2025-09-20T14:00:00Z,FINISHED,5,Brighton & Hove Albion FC,Tottenham Hotspur FC,DRAW,2,2,2,1
537829,2025-09-20T14:00:00Z,FINISHED,5,Burnley FC,Nottingham Forest FC,DRAW,1,1,1,1
537833,2025-09-20T14:00:00Z,FINISHED,5,West Ham United FC,Crystal Palace FC,AWAY_TEAM,1,2,0,1
537834,2025-09-20T14:00:00Z,FINISHED,5,Wolverhampton Wanderers FC,Leeds United FC,AWAY_TEAM,1,3,1,3
537832,2025-09-20T16:30:00Z,FINISHED,5,Manchester United FC,Chelsea FC,HOME_TEAM,2,1,2,0
537830,2025-09-20T19:00:00Z,FINISHED,5,Fulham FC,Brentford FC,HOME_TEAM,3,1,2,1
537825,2025-09-21T13:00:00Z,FINISHED,5,AFC Bournemouth,Newcastle United FC,DRAW,0,0,0,0
537826,2025-09-21T13:00:00Z,FINISHED,5,Sunderland AFC,Aston Villa FC,DRAW,1,1,0,0
537828,2025-09-21T15:30:00Z,FINISHED,5,Arsenal FC,Manchester City FC,DRAW,1,1,0,1
537837,2025-09-27T11:30:00Z,FINISHED,6,Brentford FC,Manchester United FC,HOME_TEAM,3,1,2,1
537836,2025-09-27T14:00:00Z,FINISHED,6,Crystal Palace FC,Liverpool FC,HOME_TEAM,2,1,1,0
537838,2025-09-27T14:00:00Z,FINISHED,6,Chelsea FC,Brighton & Hove Albion FC,AWAY_TEAM,1,3,1,0
537840,2025-09-27T14:00:00Z,FINISHED,6,Leeds United FC,AFC Bournemouth,DRAW,2,2,1,1
537841,2025-09-27T14:00:00Z,FINISHED,6,Manchester City FC,Burnley FC,HOME_TEAM,5,1,1,1
537843,2025-09-27T16:30:00Z,FINISHED,6,Nottingham Forest FC,Sunderland AFC,AWAY_TEAM,0,1,0,1
537844,2025-09-27T19:00:00Z,FINISHED,6,Tottenham Hotspur FC,Wolverhampton Wanderers FC,DRAW,1,1,0,0
537835,2025-09-28T13:00:00Z,FINISHED,6,Aston Villa FC,Fulham FC,HOME_TEAM,3,1,1,1
537842,2025-09-28T15:30:00Z,FINISHED,6,Newcastle United FC,Arsenal FC,AWAY_TEAM,1,2,1,0
537839,2025-09-29T19:00:00Z,FINISHED,6,Everton FC,West Ham United FC,DRAW,1,1,1,0
537845,2025-10-03T19:00:00Z,FINISHED,7,AFC Bournemouth,Fulham FC,HOME_TEAM,3,1,0,0
537851,2025-10-04T11:30:00Z,FINISHED,7,Leeds United FC,Tottenham Hotspur FC,AWAY_TEAM,1,2,1,1
537847,2025-10-04T14:00:00Z,FINISHED,7,Arsenal FC,West Ham United FC,HOME_TEAM,2,0,1,0
537852,2025-10-04T14:00:00Z,FINISHED,7,Manchester United FC,Sunderland AFC,HOME_TEAM,2,0,2,0
537849,2025-10-04T16:30:00Z,FINISHED,7,Chelsea FC,Liverpool FC,HOME_TEAM,2,1,1,0
537846,2025-10-05T13:00:00Z,FINISHED,7,Aston Villa FC,Burnley FC,HOME_TEAM,2,1,1,0
537850,2025-10-05T13:00:00Z,FINISHED,7,Everton FC,Crystal Palace FC,HOME_TEAM,2,1,0,1
537853,2025-10-05T13:00:00Z,FINISHED,7,Newcastle United FC,Nottingham Forest FC,HOME_TEAM,2,0,0,0
537854,2025-10-05T13:00:00Z,FINISHED,7,Wolverhampton Wanderers FC,Brighton & Hove Albion FC,DRAW,1,1,1,0
537848,2025-10-05T15:30:00Z,FINISHED,7,Brentford FC,Manchester City FC,AWAY_TEAM,0,1,0,1
537862,2025-10-18T11:30:00Z,FINISHED,8,Nottingham Forest FC,Chelsea FC,AWAY_TEAM,0,3,0,0
537856,2025-10-18T14:00:00Z,FINISHED,8,Brighton & Hove Albion FC,Newcastle United FC,HOME_TEAM,2,1,1,0
537857,2025-10-18T14:00:00Z,FINISHED,8,Crystal Palace FC,AFC Bournemouth,DRAW,3,3,0,2
537858,2025-10-18T14:00:00Z,FINISHED,8,Burnley FC,Leeds United FC,HOME_TEAM,2,0,1,0
537861,2025-10-18T14:00:00Z,FINISHED,8,Manchester City FC,Everton FC,HOME_TEAM,2,0,0,0
537855,2025-10-18T14:00:00Z,FINISHED,8,Sunderland AFC,Wolverhampton Wanderers FC,HOME_TEAM,2,0,1,0
537859,2025-10-18T16:30:00Z,FINISHED,8,Fulham FC,Arsenal FC,AWAY_TEAM,0,1,0,0
537863,2025-10-19T13:00:00Z,FINISHED,8,Tottenham Hotspur FC,Aston Villa FC,AWAY_TEAM,1,2,1,1
537860,2025-10-19T15:30:00Z,FINISHED,8,Liverpool FC,Manchester United FC,AWAY_TEAM,1,2,0,1
537864,2025-10-20T19:00:00Z,FINISHED,8,West Ham United FC,Brentford FC,AWAY_TEAM,0,2,0,1
537871,2025-10-24T19:00:00Z,FINISHED,9,Leeds United FC,West Ham United FC,HOME_TEAM,2,1,2,0
537869,2025-10-25T14:00:00Z,FINISHED,9,Chelsea FC,Sunderland AFC,AWAY_TEAM,1,2,1,1
537873,2025-10-25T14:00:00Z,FINISHED,9,Newcastle United FC,Fulham FC,HOME_TEAM,2,1,1,0
537872,2025-10-25T16:30:00Z,FINISHED,9,Manchester United FC,Brighton & Hove Albion FC,HOME_TEAM,4,2,2,0
537868,2025-10-25T19:00:00Z,FINISHED,9,Brentford FC,Liverpool FC,HOME_TEAM,3,2,2,1
537865,2025-10-26T14:00:00Z,FINISHED,9,AFC Bournemouth,Nottingham Forest FC,HOME_TEAM,2,0,2,0
537866,2025-10-26T14:00:00Z,FINISHED,9,Aston Villa FC,Manchester City FC,HOME_TEAM,1,0,1,0
537867,2025-10-26T14:00:00Z,FINISHED,9,Arsenal FC,Crystal Palace FC,HOME_TEAM,1,0,1,0
537874,2025-10-26T14:00:00Z,FINISHED,9,Wolverhampton Wanderers FC,Burnley FC,AWAY_TEAM,2,3,2,2
537870,2025-10-26T16:30:00Z,FINISHED,9,Everton FC,Tottenham Hotspur FC,AWAY_TEAM,0,3,0,2
537876,2025-11-01T15:00:00Z,FINISHED,10,Brighton & Hove Albion FC,Leeds United FC,HOME_TEAM,3,0,1,0
537877,2025-11-01T15:00:00Z,FINISHED,10,Crystal Palace FC,Brentford FC,HOME_TEAM,2,0,1,0
537878,2025-11-01T15:00:00Z,FINISHED,10,Burnley FC,Arsenal FC,AWAY_TEAM,0,2,0,2
537879,2025-11-01T15:00:00Z,FINISHED,10,Fulham FC,Wolverhampton Wanderers FC,HOME_TEAM,3,0,1,0
537882,2025-11-01T15:00:00Z,FINISHED,10,Nottingham Forest FC,Manchester United FC,DRAW,2,2,0,1
537883,2025-11-01T17:30:00Z,FINISHED,10,Tottenham Hotspur FC,Chelsea FC,AWAY_TEAM,0,1,0,1
537880,2025-11-01T20:00:00Z,FINISHED,10,Liverpool FC,Aston Villa FC,HOME_TEAM,2,0,1,0
537884,2025-11-02T14:00:00Z,FINISHED,10,West Ham United FC,Newcastle United FC,HOME_TEAM,3,1,2,1
537881,2025-11-02T16:30:00Z,FINISHED,10,Manchester City FC,AFC Bournemouth,HOME_TEAM,3,1,2,1
537875,2025-11-03T20:00:00Z,FINISHED,10,Sunderland AFC,Everton FC,DRAW,1,1,0,1
537893,2025-11-08T12:30:00Z,FINISHED,11,Tottenham Hotspur FC,Manchester United FC,DRAW,2,2,0,1
537890,2025-11-08T15:00:00Z,FINISHED,11,Everton FC,Fulham FC,HOME_TEAM,2,0,1,0
537894,2025-11-08T15:00:00Z,FINISHED,11,West Ham United FC,Burnley FC,HOME_TEAM,3,2,1,1
537885,2025-11-08T17:30:00Z,FINISHED,11,Sunderland AFC,Arsenal FC,DRAW,2,2,1,0
537889,2025-11-08T20:00:00Z,FINISHED,11,Chelsea FC,Wolverhampton Wanderers FC,HOME_TEAM,3,0,0,0
537886,2025-11-09T14:00:00Z,FINISHED,11,Aston Villa FC,AFC Bournemouth,HOME_TEAM,4,0,2,0
537887,2025-11-09T14:00:00Z,FINISHED,11,Crystal Palace FC,Brighton & Hove Albion FC,DRAW,0,0,0,0
537888,2025-11-09T14:00:00Z,FINISHED,11,Brentford FC,Newcastle United FC,HOME_TEAM,3,1,0,1
537892,2025-11-09T14:00:00Z,FINISHED,11,Nottingham Forest FC,Leeds United FC,HOME_TEAM,3,1,1,1
537891,2025-11-09T16:30:00Z,FINISHED,11,Manchester City FC,Liverpool FC,HOME_TEAM,3,0,2,0
537898,2025-11-22T12:30:00Z,FINISHED,12,Burnley FC,Chelsea FC,AWAY_TEAM,0,2,0,1
537895,2025-11-22T15:00:00Z,FINISHED,12,AFC Bournemouth,West Ham United FC,DRAW,2,2,0,2
537896,2025-11-22T15:00:00Z,FINISHED,12,Brighton & Hove Albion FC,Brentford FC,HOME_TEAM,2,1,0,1
537899,2025-11-22T15:00:00Z,FINISHED,12,Fulham FC,Sunderland AFC,HOME_TEAM,1,0,0,0
537900,2025-11-22T15:00:00Z,FINISHED,12,Liverpool FC,Nottingham Forest FC,AWAY_TEAM,0,3,0,1
537904,2025-11-22T15:00:00Z,FINISHED,12,Wolverhampton Wanderers FC,Crystal Palace FC,AWAY_TEAM,0,2,0,0
537903,2025-11-22T17:30:00Z,FINISHED,12,Newcastle United FC,Manchester City FC,HOME_TEAM,2,1,0,0
537901,2025-11-23T14:00:00Z,FINISHED,12,Leeds United FC,Aston Villa FC,AWAY_TEAM,1,2,1,0
537897,2025-11-23T16:30:00Z,FINISHED,12,Arsenal FC,Tottenham Hotspur FC,HOME_TEAM,4,1,2,0
537902,2025-11-24T20:00:00Z,FINISHED,12,Manchester United FC,Everton FC,AWAY_TEAM,0,1,0,1
537905,2025-11-29T15:00:00Z,FINISHED,13,Sunderland AFC,AFC Bournemouth,HOME_TEAM,3,2,1,2
537908,2025-11-29T15:00:00Z,FINISHED,13,Brentford FC,Burnley FC,HOME_TEAM,3,1,0,0
537911,2025-11-29T15:00:00Z,FINISHED,13,Manchester City FC,Leeds United FC,HOME_TEAM,3,2,2,0
537910,2025-11-29T17:30:00Z,FINISHED,13,Everton FC,Newcastle United FC,AWAY_TEAM,1,4,0,3
537913,2025-11-29T20:00:00Z,FINISHED,13,Tottenham Hotspur FC,Fulham FC,AWAY_TEAM,1,2,0,2
537907,2025-11-30T12:00:00Z,FINISHED,13,Crystal Palace FC,Manchester United FC,AWAY_TEAM,1,2,1,0
537906,2025-11-30T14:05:00Z,FINISHED,13,Aston Villa FC,Wolverhampton Wanderers FC,HOME_TEAM,1,0,0,0
537912,2025-11-30T14:05:00Z,FINISHED,13,Nottingham Forest FC,Brighton & Hove Albion FC,AWAY_TEAM,0,2,0,1
537914,2025-11-30T14:05:00Z,FINISHED,13,West Ham United FC,Liverpool FC,AWAY_TEAM,0,2,0,0
537909,2025-11-30T16:30:00Z,FINISHED,13,Chelsea FC,Arsenal FC,DRAW,1,1,0,0
537915,2025-12-02T19:30:00Z,FINISHED,14,AFC Bournemouth,Everton FC,AWAY_TEAM,0,1,0,0
537919,2025-12-02T19:30:00Z,FINISHED,14,Fulham FC,Manchester City FC,AWAY_TEAM,4,5,1,3
537923,2025-12-02T20:15:00Z,FINISHED,14,Newcastle United FC,Tottenham Hotspur FC,DRAW,2,2,0,0
537916,2025-12-03T19:30:00Z,FINISHED,14,Brighton & Hove Albion FC,Aston Villa FC,AWAY_TEAM,3,4,2,2
537917,2025-12-03T19:30:00Z,FINISHED,14,Arsenal FC,Brentford FC,HOME_TEAM,2,0,1,0
537918,2025-12-03T19:30:00Z,FINISHED,14,Burnley FC,Crystal Palace FC,AWAY_TEAM,0,1,0,1
537924,2025-12-03T19:30:00Z,FINISHED,14,Wolverhampton Wanderers FC,Nottingham Forest FC,AWAY_TEAM,0,1,0,0
537920,2025-12-03T20:15:00Z,FINISHED,14,Liverpool FC,Sunderland AFC,DRAW,1,1,0,0
537921,2025-12-03T20:15:00Z,FINISHED,14,Leeds United FC,Chelsea FC,HOME_TEAM,3,1,2,0
537922,2025-12-04T20:00:00Z,FINISHED,14,Manchester United FC,West Ham United FC,DRAW,1,1,0,0
537926,2025-12-06T12:30:00Z,FINISHED,15,Aston Villa FC,Arsenal FC,HOME_TEAM,2,1,1,0
537925,2025-12-06T15:00:00Z,FINISHED,15,AFC Bournemouth,Chelsea FC,DRAW,0,0,0,0
537928,2025-12-06T15:00:00Z,FINISHED,15,Everton FC,Nottingham Forest FC,HOME_TEAM,3,0,2,0
537931,2025-12-06T15:00:00Z,FINISHED,15,Manchester City FC,Sunderland AFC,HOME_TEAM,3,0,2,0
537932,2025-12-06T15:00:00Z,FINISHED,15,Newcastle United FC,Burnley FC,HOME_TEAM,2,1,2,0
537933,2025-12-06T15:00:00Z,FINISHED,15,Tottenham Hotspur FC,Brentford FC,HOME_TEAM,2,0,2,0
537930,2025-12-06T17:30:00Z,FINISHED,15,Leeds United FC,Liverpool FC,DRAW,3,3,0,0
537927,2025-12-07T14:00:00Z,FINISHED,15,Brighton & Hove Albion FC,West Ham United FC,DRAW,1,1,0,0
537929,2025-12-07T16:30:00Z,FINISHED,15,Fulham FC,Crystal Palace FC,AWAY_TEAM,1,2,1,1
537934,2025-12-08T20:00:00Z,FINISHED,15,Wolverhampton Wanderers FC,Manchester United FC,AWAY_TEAM,1,4,1,1
537940,2025-12-13T15:00:00Z,FINISHED,16,Chelsea FC,Everton FC,HOME_TEAM,2,0,2,0
537941,2025-12-13T15:00:00Z,FINISHED,16,Liverpool FC,Brighton & Hove Albion FC,HOME_TEAM,2,0,1,0
537939,2025-12-13T17:30:00Z,FINISHED,16,Burnley FC,Fulham FC,AWAY_TEAM,2,3,1,2
537937,2025-12-13T20:00:00Z,FINISHED,16,Arsenal FC,Wolverhampton Wanderers FC,HOME_TEAM,2,1,0,0
537935,2025-12-14T14:00:00Z,FINISHED,16,Sunderland AFC,Newcastle United FC,HOME_TEAM,1,0,0,0
537936,2025-12-14T14:00:00Z,FINISHED,16,Crystal Palace FC,Manchester City FC,AWAY_TEAM,0,3,0,1
537943,2025-12-14T14:00:00Z,FINISHED,16,Nottingham Forest FC,Tottenham Hotspur FC,HOME_TEAM,3,0,1,0
537944,2025-12-14T14:00:00Z,FINISHED,16,West Ham United FC,Aston Villa FC,AWAY_TEAM,2,3,2,1
537938,2025-12-14T16:30:00Z,FINISHED,16,Brentford FC,Leeds United FC,DRAW,1,1,0,0
537942,2025-12-15T20:00:00Z,FINISHED,16,Manchester United FC,AFC Bournemouth,DRAW,4,4,2,1
537952,2025-12-20T12:30:00Z,FINISHED,17,Newcastle United FC,Chelsea FC,DRAW,2,2,2,0
537945,2025-12-20T15:00:00Z,FINISHED,17,AFC Bournemouth,Burnley FC,DRAW,1,1,0,0
537947,2025-12-20T15:00:00Z,FINISHED,17,Brighton & Hove Albion FC,Sunderland AFC,DRAW,0,0,0,0
537951,2025-12-20T15:00:00Z,FINISHED,17,Manchester City FC,West Ham United FC,HOME_TEAM,3,0,2,0
537954,2025-12-20T15:00:00Z,FINISHED,17,Wolverhampton Wanderers FC,Brentford FC,AWAY_TEAM,0,2,0,0
537953,2025-12-20T17:30:00Z,FINISHED,17,Tottenham Hotspur FC,Liverpool FC,AWAY_TEAM,1,2,0,0
537948,2025-12-20T20:00:00Z,FINISHED,17,Everton FC,Arsenal FC,AWAY_TEAM,0,1,0,1
537950,2025-12-20T20:00:00Z,FINISHED,17,Leeds United FC,Crystal Palace FC,HOME_TEAM,4,1,2,0
537946,2025-12-21T16:30:00Z,FINISHED,17,Aston Villa FC,Manchester United FC,HOME_TEAM,2,1,1,1
537949,2025-12-22T20:00:00Z,FINISHED,17,Fulham FC,Nottingham Forest FC,HOME_TEAM,1,0,1,0
537962,2025-12-26T20:00:00Z,FINISHED,18,Manchester United FC,Newcastle United FC,HOME_TEAM,1,0,1,0
537963,2025-12-27T12:30:00Z,FINISHED,18,Nottingham Forest FC,Manchester City FC,AWAY_TEAM,1,2,0,0
537957,2025-12-27T15:00:00Z,FINISHED,18,Arsenal FC,Brighton & Hove Albion FC,HOME_TEAM,2,1,1,0
537958,2025-12-27T15:00:00Z,FINISHED,18,Brentford FC,AFC Bournemouth,HOME_TEAM,4,1,2,0
537959,2025-12-27T15:00:00Z,FINISHED,18,Burnley FC,Everton FC,DRAW,0,0,0,0
537961,2025-12-27T15:00:00Z,FINISHED,18,Liverpool FC,Wolverhampton Wanderers FC,HOME_TEAM,2,1,2,0
537964,2025-12-27T15:00:00Z,FINISHED,18,West Ham United FC,Fulham FC,AWAY_TEAM,0,1,0,0
537960,2025-12-27T17:30:00Z,FINISHED,18,Chelsea FC,Aston Villa FC,AWAY_TEAM,1,2,1,0
537955,2025-12-28T14:00:00Z,FINISHED,18,Sunderland AFC,Leeds United FC,DRAW,1,1,1,0
537956,2025-12-28T16:30:00Z,FINISHED,18,Crystal Palace FC,Tottenham Hotspur FC,AWAY_TEAM,0,1,0,1
537969,2025-12-30T19:30:00Z,FINISHED,19,Burnley FC,Newcastle United FC,AWAY_TEAM,1,3,1,2
537970,2025-12-30T19:30:00Z,FINISHED,19,Chelsea FC,AFC Bournemouth,DRAW,2,2,2,2
537973,2025-12-30T19:30:00Z,FINISHED,19,Nottingham Forest FC,Everton FC,AWAY_TEAM,0,2,0,1
537974,2025-12-30T19:30:00Z,FINISHED,19,West Ham United FC,Brighton & Hove Albion FC,DRAW,2,2,2,1
537967,2025-12-30T20:15:00Z,FINISHED,19,Arsenal FC,Aston Villa FC,HOME_TEAM,4,1,0,0
537972,2025-12-30T20:15:00Z,FINISHED,19,Manchester United FC,Wolverhampton Wanderers FC,DRAW,1,1,1,1
537966,2026-01-01T17:30:00Z,FINISHED,19,Crystal Palace FC,Fulham FC,DRAW,1,1,1,0
537971,2026-01-01T17:30:00Z,FINISHED,19,Liverpool FC,Leeds United FC,DRAW,0,0,0,0
537965,2026-01-01T20:00:00Z,FINISHED,19,Sunderland AFC,Manchester City FC,DRAW,0,0,0,0
537968,2026-01-01T20:00:00Z,FINISHED,19,Brentford FC,Tottenham Hotspur FC,DRAW,0,0,0,0
537976,2026-01-03T12:30:00Z,FINISHED,20,Aston Villa FC,Nottingham Forest FC,HOME_TEAM,3,1,1,0
537977,2026-01-03T15:00:00Z,FINISHED,20,Brighton & Hove Albion FC,Burnley FC,HOME_TEAM,2,0,1,0
537984,2026-01-03T15:00:00Z,FINISHED,20,Wolverhampton Wanderers FC,West Ham United FC,HOME_TEAM,3,0,3,0
537975,2026-01-03T17:30:00Z,FINISHED,20,AFC Bournemouth,Arsenal FC,AWAY_TEAM,2,3,1,1
537980,2026-01-04T12:30:00Z,FINISHED,20,Leeds United FC,Manchester United FC,DRAW,1,1,0,0
537978,2026-01-04T15:00:00Z,FINISHED,20,Everton FC,Brentford FC,AWAY_TEAM,2,4,0,1
537982,2026-01-04T15:00:00Z,FINISHED,20,Newcastle United FC,Crystal Palace FC,HOME_TEAM,2,0,0,0
537983,2026-01-04T15:00:00Z,FINISHED,20,Tottenham Hotspur FC,Sunderland AFC,DRAW,1,1,1,0
537979,2026-01-04T15:15:00Z,FINISHED,20,Fulham FC,Liverpool FC,DRAW,2,2,1,0
537981,2026-01-04T17:30:00Z,FINISHED,20,Manchester City FC,Chelsea FC,DRAW,1,1,1,0
537994,2026-01-06T20:00:00Z,FINISHED,21,West Ham United FC,Nottingham Forest FC,AWAY_TEAM,1,2,1,0
537985,2026-01-07T19:30:00Z,FINISHED,21,AFC Bournemouth,Tottenham Hotspur FC,HOME_TEAM,3,2,2,1
537986,2026-01-07T19:30:00Z,FINISHED,21,Crystal Palace FC,Aston Villa FC,DRAW,0,0,0,0
537988,2026-01-07T19:30:00Z,FINISHED,21,Brentford FC,Sunderland AFC,HOME_TEAM,3,0,1,0
537990,2026-01-07T19:30:00Z,FINISHED,21,Everton FC,Wolverhampton Wanderers FC,DRAW,1,1,1,0
537991,2026-01-07T19:30:00Z,FINISHED,21,Fulham FC,Chelsea FC,HOME_TEAM,2,1,0,0
537992,2026-01-07T19:30:00Z,FINISHED,21,Manchester City FC,Brighton & Hove Albion FC,DRAW,1,1,1,0
537989,2026-01-07T20:15:00Z,FINISHED,21,Burnley FC,Manchester United FC,DRAW,2,2,1,0
537993,2026-01-07T20:15:00Z,FINISHED,21,Newcastle United FC,Leeds United FC,HOME_TEAM,4,3,1,2
537987,2026-01-08T20:00:00Z,FINISHED,21,Arsenal FC,Liverpool FC,DRAW,0,0,0,0
538001,2026-01-17T12:30:00Z,FINISHED,22,Manchester United FC,Manchester City FC,HOME_TEAM,2,0,0,0
537995,2026-01-17T15:00:00Z,FINISHED,22,Sunderland AFC,Crystal Palace FC,HOME_TEAM,2,1,1,1
537998,2026-01-17T15:00:00Z,FINISHED,22,Chelsea FC,Brentford FC,HOME_TEAM,2,0,1,0
537999,2026-01-17T15:00:00Z,FINISHED,22,Liverpool FC,Burnley FC,DRAW,1,1,1,0
538000,2026-01-17T15:00:00Z,FINISHED,22,Leeds United FC,Fulham FC,HOME_TEAM,1,0,0,0
538003,2026-01-17T15:00:00Z,FINISHED,22,Tottenham Hotspur FC,West Ham United FC,AWAY_TEAM,1,2,0,1
538002,2026-01-17T17:30:00Z,FINISHED,22,Nottingham Forest FC,Arsenal FC,DRAW,0,0,0,0
538004,2026-01-18T14:00:00Z,FINISHED,22,Wolverhampton Wanderers FC,Newcastle United FC,DRAW,0,0,0,0
537996,2026-01-18T16:30:00Z,FINISHED,22,Aston Villa FC,Everton FC,AWAY_TEAM,0,1,0,0
537997,2026-01-19T20:00:00Z,FINISHED,22,Brighton & Hove Albion FC,AFC Bournemouth,DRAW,1,1,0,1
538014,2026-01-24T12:30:00Z,FINISHED,23,West Ham United FC,Sunderland AFC,HOME_TEAM,3,1,3,0
538009,2026-01-24T15:00:00Z,FINISHED,23,Burnley FC,Tottenham Hotspur FC,DRAW,2,2,1,1
538011,2026-01-24T15:00:00Z,FINISHED,23,Fulham FC,Brighton & Hove Albion FC,HOME_TEAM,2,1,0,1
538012,2026-01-24T15:00:00Z,FINISHED,23,Manchester City FC,Wolverhampton Wanderers FC,HOME_TEAM,2,0,2,0
538005,2026-01-24T17:30:00Z,FINISHED,23,AFC Bournemouth,Liverpool FC,HOME_TEAM,3,2,2,1
538006,2026-01-25T14:00:00Z,FINISHED,23,Crystal Palace FC,Chelsea FC,AWAY_TEAM,1,3,0,1
538008,2026-01-25T14:00:00Z,FINISHED,23,Brentford FC,Nottingham Forest FC,AWAY_TEAM,0,2,0,1
538013,2026-01-25T14:00:00Z,FINISHED,23,Newcastle United FC,Aston Villa FC,AWAY_TEAM,0,2,0,1
538007,2026-01-25T16:30:00Z,FINISHED,23,Arsenal FC,Manchester United FC,AWAY_TEAM,2,3,1,1
538010,2026-01-26T20:00:00Z,FINISHED,23,Everton FC,Leeds United FC,DRAW,1,1,0,1
538017,2026-01-31T15:00:00Z,FINISHED,24,Brighton & Hove Albion FC,Everton FC,DRAW,1,1,0,0
538020,2026-01-31T15:00:00Z,FINISHED,24,Leeds United FC,Arsenal FC,AWAY_TEAM,0,4,0,2
538024,2026-01-31T15:00:00Z,FINISHED,24,Wolverhampton Wanderers FC,AFC Bournemouth,AWAY_TEAM,0,2,0,1
538018,2026-01-31T17:30:00Z,FINISHED,24,Chelsea FC,West Ham United FC,HOME_TEAM,3,2,0,2
538019,2026-01-31T20:00:00Z,FINISHED,24,Liverpool FC,Newcastle United FC,HOME_TEAM,4,1,2,1
538016,2026-02-01T14:00:00Z,FINISHED,24,Aston Villa FC,Brentford FC,AWAY_TEAM,0,1,0,1
538021,2026-02-01T14:00:00Z,FINISHED,24,Manchester United FC,Fulham FC,HOME_TEAM,3,2,1,0
538022,2026-02-01T14:00:00Z,FINISHED,24,Nottingham Forest FC,Crystal Palace FC,DRAW,1,1,1,1
538023,2026-02-01T16:30:00Z,FINISHED,24,Tottenham Hotspur FC,Manchester City FC,DRAW,2,2,0,2
538015,2026-02-02T20:00:00Z,FINISHED,24,Sunderland AFC,Burnley FC,HOME_TEAM,3,0,2,0
538031,2026-02-06T20:00:00Z,FINISHED,25,Leeds United FC,Nottingham Forest FC,HOME_TEAM,3,1,2,0
538032,2026-02-07T12:30:00Z,FINISHED,25,Manchester United FC,Tottenham Hotspur FC,HOME_TEAM,2,0,1,0
538025,2026-02-07T15:00:00Z,FINISHED,25,AFC Bournemouth,Aston Villa FC,DRAW,1,1,0,1
538027,2026-02-07T15:00:00Z,FINISHED,25,Arsenal FC,Sunderland AFC,HOME_TEAM,3,0,1,0
538028,2026-02-07T15:00:00Z,FINISHED,25,Burnley FC,West Ham United FC,AWAY_TEAM,0,2,0,2
538029,2026-02-07T15:00:00Z,FINISHED,25,Fulham FC,Everton FC,AWAY_TEAM,1,2,1,0
538034,2026-02-07T15:00:00Z,FINISHED,25,Wolverhampton Wanderers FC,Chelsea FC,AWAY_TEAM,1,3,0,3
538033,2026-02-07T17:30:00Z,FINISHED,25,Newcastle United FC,Brentford FC,AWAY_TEAM,2,3,1,2
538026,2026-02-08T14:00:00Z,FINISHED,25,Brighton & Hove Albion FC,Crystal Palace FC,AWAY_TEAM,0,1,0,0
538030,2026-02-08T16:30:00Z,FINISHED,25,Liverpool FC,Manchester City FC,AWAY_TEAM,1,2,0,0
538039,2026-02-10T19:30:00Z,FINISHED,26,Chelsea FC,Leeds United FC,DRAW,2,2,1,0
538040,2026-02-10T19:30:00Z,FINISHED,26,Everton FC,AFC Bournemouth,AWAY_TEAM,1,2,1,0
538043,2026-02-10T19:30:00Z,FINISHED,26,Tottenham Hotspur FC,Newcastle United FC,AWAY_TEAM,1,2,0,1
538044,2026-02-10T20:15:00Z,FINISHED,26,West Ham United FC,Manchester United FC,DRAW,1,1,0,0
538036,2026-02-11T19:30:00Z,FINISHED,26,Aston Villa FC,Brighton & Hove Albion FC,HOME_TEAM,1,0,0,0
538041,2026-02-11T19:30:00Z,FINISHED,26,Manchester City FC,Fulham FC,HOME_TEAM,3,0,3,0
538042,2026-02-11T19:30:00Z,FINISHED,26,Nottingham Forest FC,Wolverhampton Wanderers FC,DRAW,0,0,0,0
538037,2026-02-11T19:40:00Z,FINISHED,26,Crystal Palace FC,Burnley FC,AWAY_TEAM,2,3,2,3
538035,2026-02-11T20:15:00Z,FINISHED,26,Sunderland AFC,Liverpool FC,AWAY_TEAM,0,1,0,0
538038,2026-02-12T20:00:00Z,FINISHED,26,Brentford FC,Arsenal FC,DRAW,1,1,0,0
538094,2026-02-18T20:00:00Z,FINISHED,31,Wolverhampton Wanderers FC,Arsenal FC,DRAW,2,2,0,1
538046,2026-02-21T15:00:00Z,FINISHED,27,Aston Villa FC,Leeds United FC,DRAW,1,1,0,1
538048,2026-02-21T15:00:00Z,FINISHED,27,Brentford FC,Brighton & Hove Albion FC,AWAY_TEAM,0,2,0,2
538049,2026-02-21T15:00:00Z,FINISHED,27,Chelsea FC,Burnley FC,DRAW,1,1,1,0
538054,2026-02-21T17:30:00Z,FINISHED,27,West Ham United FC,AFC Bournemouth,DRAW,0,0,0,0
538051,2026-02-21T20:00:00Z,FINISHED,27,Manchester City FC,Newcastle United FC,HOME_TEAM,2,1,2,1
538045,2026-02-22T14:00:00Z,FINISHED,27,Sunderland AFC,Fulham FC,AWAY_TEAM,1,3,0,0
538047,2026-02-22T14:00:00Z,FINISHED,27,Crystal Palace FC,Wolverhampton Wanderers FC,HOME_TEAM,1,0,0,0
538052,2026-02-22T14:00:00Z,FINISHED,27,Nottingham Forest FC,Liverpool FC,AWAY_TEAM,0,1,0,0
538053,2026-02-22T16:30:00Z,FINISHED,27,Tottenham Hotspur FC,Arsenal FC,AWAY_TEAM,1,4,1,1
538050,2026-02-23T20:00:00Z,FINISHED,27,Everton FC,Manchester United FC,AWAY_TEAM,0,1,0,0
538064,2026-02-27T20:00:00Z,FINISHED,28,Wolverhampton Wanderers FC,Aston Villa FC,HOME_TEAM,2,0,0,0
538055,2026-02-28T12:30:00Z,FINISHED,28,AFC Bournemouth,Sunderland AFC,DRAW,1,1,0,1
538058,2026-02-28T15:00:00Z,FINISHED,28,Burnley FC,Brentford FC,AWAY_TEAM,3,4,1,3
538060,2026-02-28T15:00:00Z,FINISHED,28,Liverpool FC,West Ham United FC,HOME_TEAM,5,2,3,0
538063,2026-02-28T15:00:00Z,FINISHED,28,Newcastle United FC,Everton FC,AWAY_TEAM,2,3,1,2
538061,2026-02-28T17:30:00Z,FINISHED,28,Leeds United FC,Manchester City FC,AWAY_TEAM,0,1,0,1
538056,2026-03-01T14:00:00Z,FINISHED,28,Brighton & Hove Albion FC,Nottingham Forest FC,HOME_TEAM,2,1,2,1
538059,2026-03-01T14:00:00Z,FINISHED,28,Fulham FC,Tottenham Hotspur FC,HOME_TEAM,2,1,2,0
538062,2026-03-01T14:00:00Z,FINISHED,28,Manchester United FC,Crystal Palace FC,HOME_TEAM,2,1,0,1
538057,2026-03-01T16:30:00Z,FINISHED,28,Arsenal FC,Chelsea FC,HOME_TEAM,2,1,1,1
538065,2026-03-03T19:30:00Z,FINISHED,29,AFC Bournemouth,Brentford FC,DRAW,0,0,0,0
538068,2026-03-03T19:30:00Z,FINISHED,29,Everton FC,Burnley FC,HOME_TEAM,2,0,1,0
538070,2026-03-03T19:30:00Z,FINISHED,29,Leeds United FC,Sunderland AFC,AWAY_TEAM,0,1,0,0
538074,2026-03-03T20:15:00Z,FINISHED,29,Wolverhampton Wanderers FC,Liverpool FC,HOME_TEAM,2,1,0,0
538066,2026-03-04T19:30:00Z,FINISHED,29,Aston Villa FC,Chelsea FC,AWAY_TEAM,1,4,1,2
538067,2026-03-04T19:30:00Z,FINISHED,29,Brighton & Hove Albion FC,Arsenal FC,AWAY_TEAM,0,1,0,1
538069,2026-03-04T19:30:00Z,FINISHED,29,Fulham FC,West Ham United FC,AWAY_TEAM,0,1,0,0
538071,2026-03-04T19:30:00Z,FINISHED,29,Manchester City FC,Nottingham Forest FC,DRAW,2,2,1,0
538072,2026-03-04T20:15:00Z,FINISHED,29,Newcastle United FC,Manchester United FC,HOME_TEAM,2,1,1,1
538073,2026-03-05T20:00:00Z,FINISHED,29,Tottenham Hotspur FC,Crystal Palace FC,AWAY_TEAM,1,3,1,3
538075,2026-03-14T15:00:00Z,FINISHED,30,Sunderland AFC,Brighton & Hove Albion FC,AWAY_TEAM,0,1,0,0
538079,2026-03-14T15:00:00Z,FINISHED,30,Burnley FC,AFC Bournemouth,DRAW,0,0,0,0
538077,2026-03-14T17:30:00Z,FINISHED,30,Arsenal FC,Everton FC,HOME_TEAM,2,0,0,0
538080,2026-03-14T17:30:00Z,FINISHED,30,Chelsea FC,Newcastle United FC,AWAY_TEAM,0,1,0,1
538084,2026-03-14T20:00:00Z,FINISHED,30,West Ham United FC,Manchester City FC,DRAW,1,1,1,1
538076,2026-03-15T14:00:00Z,FINISHED,30,Crystal Palace FC,Leeds United FC,DRAW,0,0,0,0
538082,2026-03-15T14:00:00Z,FINISHED,30,Manchester United FC,Aston Villa FC,HOME_TEAM,3,1,0,0
538083,2026-03-15T14:00:00Z,FINISHED,30,Nottingham Forest FC,Fulham FC,DRAW,0,0,0,0
538081,2026-03-15T16:30:00Z,FINISHED,30,Liverpool FC,Tottenham Hotspur FC,DRAW,1,1,1,0
538078,2026-03-16T20:00:00Z,FINISHED,30,Brentford FC,Wolverhampton Wanderers FC,DRAW,2,2,2,1
538085,2026-03-20T20:00:00Z,FINISHED,31,AFC Bournemouth,Manchester United FC,DRAW,2,2,0,0
538087,2026-03-21T12:45:00Z,FINISHED,31,Brighton & Hove Albion FC,Liverpool FC,HOME_TEAM,2,1,1,1
538089,2026-03-21T15:00:00Z,FINISHED,31,Fulham FC,Burnley FC,HOME_TEAM,3,1,0,0
538088,2026-03-21T17:30:00Z,FINISHED,31,Everton FC,Chelsea FC,HOME_TEAM,3,0,1,0
538090,2026-03-21T20:00:00Z,FINISHED,31,Leeds United FC,Brentford FC,DRAW,0,0,0,0
538092,2026-03-22T12:00:00Z,FINISHED,31,Newcastle United FC,Sunderland AFC,AWAY_TEAM,1,2,1,0
538086,2026-03-22T14:15:00Z,FINISHED,31,Aston Villa FC,West Ham United FC,HOME_TEAM,2,0,1,0
538093,2026-03-22T14:15:00Z,FINISHED,31,Tottenham Hotspur FC,Nottingham Forest FC,AWAY_TEAM,0,3,0,1
538104,2026-04-10T19:00:00Z,FINISHED,32,West Ham United FC,Wolverhampton Wanderers FC,HOME_TEAM,4,0,1,0
538097,2026-04-11T11:30:00Z,FINISHED,32,Arsenal FC,AFC Bournemouth,AWAY_TEAM,1,2,1,1
538098,2026-04-11T14:00:00Z,FINISHED,32,Brentford FC,Everton FC,DRAW,2,2,1,1
538099,2026-04-11T14:00:00Z,FINISHED,32,Burnley FC,Brighton & Hove Albion FC,AWAY_TEAM,0,2,0,1
538101,2026-04-11T16:30:00Z,FINISHED,32,Liverpool FC,Fulham FC,HOME_TEAM,2,0,2,0
538095,2026-04-12T13:00:00Z,FINISHED,32,Sunderland AFC,Tottenham Hotspur FC,HOME_TEAM,1,0,0,0
538096,2026-04-12T13:00:00Z,FINISHED,32,Crystal Palace FC,Newcastle United FC,HOME_TEAM,2,1,0,1
538103,2026-04-12T13:00:00Z,FINISHED,32,Nottingham Forest FC,Aston Villa FC,DRAW,1,1,1,1
538100,2026-04-12T15:30:00Z,FINISHED,32,Chelsea FC,Manchester City FC,AWAY_TEAM,0,3,0,0
538102,2026-04-13T19:00:00Z,FINISHED,32,Manchester United FC,Leeds United FC,AWAY_TEAM,1,2,0,2
538107,2026-04-18T11:30:00Z,FINISHED,33,Brentford FC,Fulham FC,DRAW,0,0,0,0
538112,2026-04-18T14:00:00Z,FINISHED,33,Newcastle United FC,AFC Bournemouth,AWAY_TEAM,1,2,0,1
538110,2026-04-18T14:00:00Z,FINISHED,33,Leeds United FC,Wolverhampton Wanderers FC,HOME_TEAM,3,0,2,0
538114,2026-04-18T16:30:00Z,FINISHED,33,Tottenham Hotspur FC,Brighton & Hove Albion FC,DRAW,2,2,1,1
538108,2026-04-18T19:00:00Z,FINISHED,33,Chelsea FC,Manchester United FC,AWAY_TEAM,0,1,0,1
538113,2026-04-19T13:00:00Z,FINISHED,33,Nottingham Forest FC,Burnley FC,HOME_TEAM,4,1,0,1
538105,2026-04-19T13:00:00Z,FINISHED,33,Aston Villa FC,Sunderland AFC,HOME_TEAM,4,3,2,1
538109,2026-04-19T13:00:00Z,FINISHED,33,Everton FC,Liverpool FC,AWAY_TEAM,1,2,0,1
538111,2026-04-19T15:30:00Z,FINISHED,33,Manchester City FC,Arsenal FC,HOME_TEAM,2,1,1,1
538106,2026-04-20T19:00:00Z,FINISHED,33,Crystal Palace FC,West Ham United FC,DRAW,0,0,0,0
538117,2026-04-21T19:00:00Z,FINISHED,34,Brighton & Hove Albion FC,Chelsea FC,HOME_TEAM,3,0,1,0
538115,2026-04-22T19:00:00Z,FINISHED,34,AFC Bournemouth,Leeds United FC,DRAW,2,2,0,0
538119,2026-04-22T19:00:00Z,FINISHED,34,Burnley FC,Manchester City FC,AWAY_TEAM,0,1,0,1
538116,2026-04-24T19:00:00Z,FINISHED,34,Sunderland AFC,Nottingham Forest FC,AWAY_TEAM,0,5,0,4
538120,2026-04-25T11:30:00Z,FINISHED,34,Fulham FC,Aston Villa FC,HOME_TEAM,1,0,1,0
538121,2026-04-25T14:00:00Z,FINISHED,34,Liverpool FC,Crystal Palace FC,HOME_TEAM,3,1,2,0
538123,2026-04-25T14:00:00Z,FINISHED,34,West Ham United FC,Everton FC,HOME_TEAM,2,1,0,0
538124,2026-04-25T14:00:00Z,FINISHED,34,Wolverhampton Wanderers FC,Tottenham Hotspur FC,AWAY_TEAM,0,1,0,0
538118,2026-04-25T16:30:00Z,FINISHED,34,Arsenal FC,Newcastle United FC,HOME_TEAM,1,0,1,0
538122,2026-04-27T19:00:00Z,FINISHED,34,Manchester United FC,Brentford FC,HOME_TEAM,2,1,2,0
538131,2026-05-01T19:00:00Z,FINISHED,35,Leeds United FC,Burnley FC,HOME_TEAM,3,1,1,0
538128,2026-05-02T14:00:00Z,FINISHED,35,Brentford FC,West Ham United FC,HOME_TEAM,3,0,1,0
538133,2026-05-02T14:00:00Z,FINISHED,35,Newcastle United FC,Brighton & Hove Albion FC,HOME_TEAM,3,1,2,0
538134,2026-05-02T14:00:00Z,FINISHED,35,Wolverhampton Wanderers FC,Sunderland AFC,DRAW,1,1,0,1
538127,2026-05-02T16:30:00Z,FINISHED,35,Arsenal FC,Fulham FC,HOME_TEAM,3,0,3,0
538125,2026-05-03T13:00:00Z,FINISHED,35,AFC Bournemouth,Crystal Palace FC,HOME_TEAM,3,0,2,0
538132,2026-05-03T14:30:00Z,FINISHED,35,Manchester United FC,Liverpool FC,HOME_TEAM,3,2,2,0
538126,2026-05-03T18:00:00Z,FINISHED,35,Aston Villa FC,Tottenham Hotspur FC,AWAY_TEAM,1,2,0,2
538129,2026-05-04T14:00:00Z,FINISHED,35,Chelsea FC,Nottingham Forest FC,AWAY_TEAM,1,3,0,2
538130,2026-05-04T19:00:00Z,FINISHED,35,Everton FC,Manchester City FC,DRAW,3,3,0,1
538140,2026-05-09T11:30:00Z,FINISHED,36,Liverpool FC,Chelsea FC,DRAW,1,1,1,1
538135,2026-05-09T14:00:00Z,FINISHED,36,Sunderland AFC,Manchester United FC,DRAW,0,0,0,0
538136,2026-05-09T14:00:00Z,FINISHED,36,Brighton & Hove Albion FC,Wolverhampton Wanderers FC,HOME_TEAM,3,0,2,0
538139,2026-05-09T14:00:00Z,FINISHED,36,Fulham FC,AFC Bournemouth,AWAY_TEAM,0,1,0,0
538141,2026-05-09T16:30:00Z,FINISHED,36,Manchester City FC,Brentford FC,HOME_TEAM,3,0,0,0
538137,2026-05-10T13:00:00Z,FINISHED,36,Crystal Palace FC,Everton FC,DRAW,2,2,1,1
538138,2026-05-10T13:00:00Z,FINISHED,36,Burnley FC,Aston Villa FC,DRAW,2,2,1,1
538142,2026-05-10T13:00:00Z,FINISHED,36,Nottingham Forest FC,Newcastle United FC,DRAW,1,1,0,0
538144,2026-05-10T15:30:00Z,FINISHED,36,West Ham United FC,Arsenal FC,AWAY_TEAM,0,1,0,0
538143,2026-05-11T19:00:00Z,FINISHED,36,Tottenham Hotspur FC,Leeds United FC,DRAW,1,1,0,0
538091,2026-05-13T19:00:00Z,FINISHED,31,Manchester City FC,Crystal Palace FC,HOME_TEAM,3,0,2,0
538146,2026-05-15T19:00:00Z,FINISHED,37,Aston Villa FC,Liverpool FC,HOME_TEAM,4,2,1,0
538152,2026-05-17T11:30:00Z,FINISHED,37,Manchester United FC,Nottingham Forest FC,HOME_TEAM,3,2,1,0
538148,2026-05-17T14:00:00Z,FINISHED,37,Brentford FC,Crystal Palace FC,DRAW,2,2,1,1
538150,2026-05-17T14:00:00Z,FINISHED,37,Everton FC,Sunderland AFC,AWAY_TEAM,1,3,1,0
538151,2026-05-17T14:00:00Z,FINISHED,37,Leeds United FC,Brighton & Hove Albion FC,HOME_TEAM,1,0,0,0
538154,2026-05-17T14:00:00Z,FINISHED,37,Wolverhampton Wanderers FC,Fulham FC,DRAW,1,1,1,1
538153,2026-05-17T16:30:00Z,FINISHED,37,Newcastle United FC,West Ham United FC,HOME_TEAM,3,1,2,0
538147,2026-05-18T19:00:00Z,FINISHED,37,Arsenal FC,Burnley FC,HOME_TEAM,1,0,1,0
538145,2026-05-19T18:30:00Z,FINISHED,37,AFC Bournemouth,Manchester City FC,DRAW,1,1,1,0
538149,2026-05-19T19:15:00Z,FINISHED,37,Chelsea FC,Tottenham Hotspur FC,HOME_TEAM,2,1,1,0
538155,2026-05-24T15:00:00Z,FINISHED,38,Sunderland AFC,Chelsea FC,HOME_TEAM,2,1,1,0
538156,2026-05-24T15:00:00Z,FINISHED,38,Brighton & Hove Albion FC,Manchester United FC,AWAY_TEAM,0,3,0,2
538157,2026-05-24T15:00:00Z,FINISHED,38,Crystal Palace FC,Arsenal FC,AWAY_TEAM,1,2,0,1
538158,2026-05-24T15:00:00Z,FINISHED,38,Burnley FC,Wolverhampton Wanderers FC,DRAW,1,1,0,1
538159,2026-05-24T15:00:00Z,FINISHED,38,Fulham FC,Newcastle United FC,HOME_TEAM,2,0,1,0
538160,2026-05-24T15:00:00Z,FINISHED,38,Liverpool FC,Brentford FC,DRAW,1,1,0,0
538161,2026-05-24T15:00:00Z,FINISHED,38,Manchester City FC,Aston Villa FC,AWAY_TEAM,1,2,1,0
538162,2026-05-24T15:00:00Z,FINISHED,38,Nottingham Forest FC,AFC Bournemouth,DRAW,1,1,1,0
538163,2026-05-24T15:00:00Z,FINISHED,38,Tottenham Hotspur FC,Everton FC,HOME_TEAM,1,0,1,0
538164,2026-05-24T15:00:00Z,FINISHED,38,West Ham United FC,Leeds United FC,HOME_TEAM,3,0,0,0
